¬ Names for regions and settlements in the imperial campaign
Kimbry_Province}Kimbry
Goriya}Goriya
Media_Province}Media
Ekbatana}Ekbatana
Memphis_Province}Memphis
Memphis}Memphis
Cyprus_Province}Cyprus
Salamis}Salamis
Arverny_Province}Arverny
Gergoviya}Gergoviya
Syracuse_Province}Syracuse
Syracuse}Syracuse
Brazil_Province
Brazil
Prague_Province
Prague
Tribus_Alany_Province}Tribus Alany
Campus_Alany}Campus Alany
Hyrkania_Province}Hyrkania
Zadrakarta}Zadrakarta
Khatty_Province}Khatty
Khatty}Khatty
Gujarat_Province}Gujarat
Valabhi}Valabhi
Roman_Province}Lazio
Rome}Roma
Tadmor_Province}Tadmor
Palmyra}Palmyra
Lerkei_Province}Lerkei
Lerkei}Lerkei
Bastarny_Province}Bastarny
Vibantavarium}Vibantavarium
Drangianta_Province}Drangianta
Proftasii}Proftasii
Buda_Province}Buda
Buda}Buda
Saka_Province}Saka
Saka}Saka
Semnony_Province}Semnony
Semnony}Semnony
Apulon_Province}Apulon
Apulon}Apulon
Vifiniya_Province}Vifiniya
Nikomediya}Nikomediya
Frakiya_Province}Frakiya
Bizantiy}Bizantiy
Rutene_Province}Rutene
Kadurki}Kadurki
Venety_Province}Venety
Dariorit}Dariorit
Emporion_Province}Emporion
Emporion}Emporion
Santony_Province}Santony
Santony}Santony
Persida_Province}Persida
Persepol}Persepol
Svevy_Province}Svevy
Svevy}Svevy
Gedrosia_Province}Gedrosia
Pura}Pura
Mrogbonna_Province}Mrogbonna
Eburonum}Eburonum
Medy_Province}Medy
Yamforinna}Yamforinna
Tribally_Province}Tribally
Esa}Esa
Astauene_Province}Astauene
Asaak}Asaak
Tesagety_Province}Tesagety
Tesagety}Tesagety
Kangha_Province}Kangha
Bin_kath}Bin-kath
Khalkidika_Province}Khalkidika
Fesalonika}Fesalonika
Poleovenety_Province}Poleovenety
Potaviy}Potaviy
Epir_Province}Epir
Ambrakiya}Ambrakiya
Gallia_Cisalpina_Province}Gallia Cisalpina
Mediolan}Mediolan
Artakana_Province}Artakana
Artakana}Artakana
Armorika_Province}Armorika
Armorika}Armorika
Norik_Province}Norik
Iuvavoaeta}Iuvavoaeta
Dahi_Province}Dahi
Sarmizagetuza}Sarmizagetuza
Sattagydia_Province}Sattagydia
Opiana}Opiana
Malva_Province}Malva
Ujoany}Ujoany
Jomna_Province}Jomna
Kauchamby}Kauchamby
Rajacthan_Province}Rajacthan
Deli}Deli
Sind_Province}Sind
Patala}Patala
Small_Armenia_Province}Small Armenia
Tigranakert}Tigranakert
Roksolany_Province}Roksolany
Roksolany}Roksolany
Bosporus_Province}Bosporus
Pantikapey}Pantikapey
Kareoty_Province}Kareoty
Kareoty}Kareoty
Phenicia_Province}Phenicia
Sidon}Sidon
Maketa_Province}Maketa
Homna}Homna
Arabia_Province}Arabia
Dumatha}Dumatha
Syria_Province}Syria
Antiokhiya}Antiokhiya
Gerrhaia_Province}Gerrhaia
Gerrha}Gerrha
Mesaoptamiya_Province}Mesaoptamiya
Dura_evropis}Dura_evropis
Nabataiya_Province}Nabataiya
Bostra}Bostra
Astury_Province}Astury
Astury}Astury
Caksy_Province}Caksy
{Treva}Treva
Tingis_Province}Tingis
Tingis}Tingis
Russadir_Province}Russadir
Russadir}Russadir
Luzitany_Province}Luzitany
Luzitany}Luzitany
Sedetany_Province}Sedetany
Salduba}Salduba
Kantabry_Province}Kantabry
Kantabry}Kantabry
Lissabon_Province}Lissabon
Lissabon}Lissabon
Oretany_Province}Oretany
Karduba}Karduba
Karfagen_Province}Karfagen
Karfagen}Karfagen
Kassetany_Province}Kassetany
Tarrakon}Tarrakon
Kinety_Province}Kinety
Konistorgiy}Konistorgiy
Sagunt_Province}Sagunt
Sagunt}Sagunt
Krobobizy_Province}Krobobizy
Sevtopol}Sevtopol
Davan_Province}Davan
Ershi}Ershi
Tira_Province}Tira
Tira}Tira
Kaspiana_Province}Kaspiana
Tavrez}Tavrez
Berenika_Province}Berenika
Berenika}Berenika
Oasis_Province}Oasis
Hibis}Hibis
Karakumy_Province}Karakumy
Nisa}Nisa
Galedryn_Province}Galedryn
Glaskhu}Glaskhu
Giberniya_Province}Giberniya
Tara}Tara
Overhead_Britoniya_Province}Overhead Britoniya
Londinium}Londinium
Lower_Britain_Province}Lower Britain
Eborak}Eborak
Siluriya_Province}Siluriya
Deva}Deva
Baktriya_Province}Baktriya
Baktry}Baktry
Babylonia_Province}Babylonia
Seleukeia}Seleukeia
Mesageta_Province}Mesageta
Mesageta}Mesageta
Botavy_Province}Botavy
Botavy}Botavy
Gendukush_Province}Gendukush
Kophen}Kophen
Gelvety_Province}Gelvety
Gelvety}Gelvety
Eburony_Province}Eburony
Atuatuka}Atuatuka
Messaliya_Province}Messaliya
Messaliya}Messaliya
Karnuty_Province}Karnuty
Aleziya}Aleziya
Albania_Province}Albania
Kabalaka}Kabalaka
Kappadokiya_Province}Kappadokiya
Mazaka}Mazaka
Galatiya_Province}Galatiya
Ankira}Ankira
Wusun_Yabhy_Province}Wusun-Yabhy
Chighu}Chighu
Khorezm_Province}Khorezm
Thmykhir}Thmykhir
Ikosim_Province}Ikosim
Karteny}Karteny
Savromatiy_Province}Savromatiy
Savromatiy}Savromatiy
Gepidy_Province}Gepidy
Gepidy}Gepidy
Lazugei_Province}Lazugei
Lazugei}Lazugei
Sekvany_Province}Sekvany
Vesontion}Vesontion
Vandals_Province}Vandals
Carrodunum}Carrodunum
Viriny_Province}Viriny
Virinum}Virinum
Lemovii_Province}Lemovii
Lemovii}Lemovii
Liguriya_Province}Liguriya
Genoa}Genoa
Siraki_Province}Siraki
Siraki}Siraki
Kheruski_Province}Kheruski
Aliso}Aliso
Aestii_Province}Aestii
Aestii}Aestii
Areyya_Province}Areyya
Ariana}Ariana
Khoaran_Province}Khoaran
Apameia}Apameia
Gandhara_Province}Gandhara
Taksila}Taksila
Koraksy_Province}Koraksy
Diskuriada}Diskuriada
Vekkei_Province}Vekkei
Pallantsiya}Pallantsiya
Assyrie_Province}Assyrie
Edessa}Edessa
Krete_Province}Krete
Kydonia}Kydonia
Markomany_Province}Markomany
Markomany}Markomany
Rodos_Province}Rodos
Rodos}Rodos
Lingony_Province}Lingony
Andematun}Andematun
Trevery_Province}Trevery
Mattium}Mattium
Pont_Province}Pont
Trabisond}Trabisond
Ragi_Province}Ragi
Ragi}Ragi
Armenia_Province}Armenia
Artashat}Artashat
Venedy_Province}Venedy
Venedy}Venedy
Kilikiya_Province}Kilikiya
Tarsus}Tarsus
Paflogoniya_Province}Paflogoniya
Sinope}Sinope
Kolkhida_Province}Kolkhida
Fasis}Fasis
Gerakleya_Province}Gerakleya
Gerakleya}Gerakleya
Perga_Province}Perga
Perga}Perga
Kariya_Province}Kariya
Halicarnassus}Halicarnassus
Pendzhab_Province}Pendzhab
Shacala}Shacala
Kvady_Province}Kvady
Kvady}Kvady
Agriany_Province}Agriany
Agriany}Agriany
Eravisci_Province}Eravisci
Eravisci}Eravisci
Peoniya_Province}Peoniya
Belazora}Belazora
Dalmaty_Province}Dalmaty
Dalminion}Dalminion
Skorda_Province}Skorda
Skorda}Skorda
Biturigi_Province}Biturigi
Avarik}Avarik
Lirbuny_Province}Lirbuny
Yadera}Yadera
Fassaliya_Province}Fassaliya
Larissa}Larissa
Akhayya_Province}Akhayya
Korinf}Korinf
Sparta_Province}Sparta
Sparta}Sparta
Kandahar_Province}Kandahar
Kandahar}Kandahar
Attika_Province}Attika
Athens}Athens
Bruttiy_Province}Bruttiy
Kroton}Kroton
Tarent_Province}Tarent
Tarent}Tarent
Gadir_Province}Gadir
Hades}Hades
Apulia_Province}Apulia
Apulia}Apulia
Etruriya_Province}Etruriya
Aretsiy}Aretsiy
Campanya_Province}Campanya
Capua}Capua
Picene_Province}Picene
Ankona}Ankona
Ktesifon_Province}Ktesifon
Ktesifon}Ktesifon
Malta_Province}Malta
Malta}Malta
Sicily_Province}Sicily
Lilybaeum}Lilybaeum
Takla_makan_Province}Takla-makan
Sulek}Sulek
Arachosia_Province}Arachosia
Alexandropolis}Alexandropolis
Sardinia_Province}Sardinia
Karalis}Karalis
Scandium_Province}Scandium
Goths}Goths
Beleary_Province}Beleary
Palma}Palma
Pamir_Province}Pamir
Gava_Kheomovarga}Gava-Kheomovarga
Iberiya_Province}Iberiya
Garmozika}Garmozika
Bretoniya_Province}Bretoniya
Karvent}Karvent
Numidiya_Province}Numidiya
Numidiya}Numidiya
Getuliya_Province}Getuliya
Dimidi}Dimidi
Atropatena_Province}Atropatena
Gandzak}Gandzak
Pelusiy_Province}Pelusiy
Pelusiy}Pelusiy
Ioudaia_Province}Ioudaia
Hierosolyma}Hierosolyma
Thebais_Province}Thebais
Thebes}Thebes
Alexandria_Province}Alexandria
Alexandria}Alexandria
Martarika_Province}Martarika
Paretonion}Paretonion
Sogdiana_Province}Sogdiana
Marakanda}Marakanda
Parfiya_Province}Parfiya
Gekatompil}Gekatompil
Mavretaniya_Province}Mavretaniya
Mogador}Mogador
Karmaniya_Province}Karmaniya
Garmosiya}Garmosiya
Tripolitania_Province}Tripolitania
Lepki}Lepki
Massily_Province}Massily
Massily}Massily
Gippon_Regiy_Province}Gippon Regiy
Tsirta}Tsirta
Tavrika_Province}Tavrika
Naples_scythian}Naples_scythian
Aorsy_Province}Aorsy
Aorsy}Aorsy
Sarmatiya_Province}Sarmatiya
Gelonus}Gelonus
Pergam_Province}Pergam
Pergam}Pergam
Scythia_Province}Scythia
Olviya}Olviya
Meotida_Province}Meotida
Tanais}Tanais
Taps_Province}Taps
Taps}Taps
Sinay_Province}Sinay
Petra}Petra
Elamaida_Province}Elamaida
Susa}Susa
Fanagoriya_Province}Fanagoriya
Fanagoriya}Fanagoriya
Budini_Province}Budini
Budini}Budini
Pannoniya_Province}Pannoniya
Sistsiya}Sistsiya
Lydia_Province}Lydia
Sardis}Sardis
Blemmii_Province}Blemmii
Gierasinamin}Gierasinamin
Cyrenaica_Province}Cyrenaica
Cyrene}Cyrene
Kerman_Province}Hormuz
Kerman}Hormuz
Karmana_Province}Karmana
Karmana}Karmana
Great_Armenia_Province}Great Armenia
Van}Van
Kontestany_Province}Kontestany
New_Karfagen}New Karfagen
Kelesiriya_Province}Kelesiriya
Damask}Damask
Uruk_Province}Uruk
Uruk}Uruk
Etoliya_Province}Etoliya
Fermon}Fermon
Atrebaty_Province}Atrebaty
Nometotsenna}Nometotsenna
Sutsi_Province}Sutsi
Sutsidava}Sutsidava
Margiana_Province}Margiana
Antiokhiya_Margiana}Antiokhiya-Margiana